"Id";"Designator";"Footprint";"Quantity";"Designation";"Supplier and ref";
1;"D15,D19,D13,D11,D17,D12,D8,D4,D2";"LED_1210_3225Metric_Pad1.42x2.65mm_HandSolder";9;"LED GREEN";;;
2;"R21,R5,R25,R1,R10,R8,R23,R4,R2,R6";"R_0805_2012Metric_Pad1.20x1.40mm_HandSolder";10;"330R";;;
3;"R26,R11,R7,R3,R24,R22,R9,R12,R20";"R_0805_2012Metric_Pad1.20x1.40mm_HandSolder";9;"100R";;;
4;"C2,C4,C1";"C_0805_2012Metric_Pad1.18x1.45mm_HandSolder";3;"100nF";;;
5;"R27,R37";"R_0805_2012Metric_Pad1.20x1.40mm_HandSolder";2;"1kR";;;
6;"R14,R17,R16,R19,R18,R15,R13";"R_0805_2012Metric_Pad1.20x1.40mm_HandSolder";7;"0R";;;
7;"SW2,SW3,SW1";"SW_PUSH_6mm_H5mm";3;"SW_Push";;;
8;"D14,D18,D6,D16,D5,D1";"LED_1210_3225Metric_Pad1.42x2.65mm_HandSolder";6;"LED RED";;;
9;"J3";"PinHeader_1x05_P2.54mm_Vertical";1;"Conn_01x05_Pin";;;
10;"R29,R28,R35,R32,R36,R30,R33,R34,R31";"R_0805_2012Metric_Pad1.20x1.40mm_HandSolder";9;"10kR";;;
11;"C3";"C_0805_2012Metric_Pad1.18x1.45mm_HandSolder";1;"4.7μF";;;
12;"RV1";"Potentiometer_Bourns_3314J_Vertical";1;"R_Potentiometer";;;
13;"J2";"PinHeader_1x03_P2.54mm_Vertical";1;"Conn_01x03_Pin";;;
14;"D3,D10";"LED_1210_3225Metric_Pad1.42x2.65mm_HandSolder";2;"LED BLUE";;;
15;"D9,D7";"LED_1210_3225Metric_Pad1.42x2.65mm_HandSolder";2;"LED YELLOW";;;
16;"U1";"LQFP-64_10x10mm_P0.5mm";1;"STM32G070RBTx";;;
17;"DS1";"WC1602A";1;"WC1602A/HD44780";;;
18;"J4";"USB_C_Receptacle_G-Switch_GT-USB-7010ASV";1;"USB_C_Receptacle_USB2.0";;;
19;"J1";"Raspberry_Pi_Zero_Socketed_THT_FaceDown_MountingHoles";1;"Raspberry_Pi_2_3";;;
